feature,gain,share_pct
addr_state,40972.39148521423,16.8
fico_avg,34848.234258174896,14.29
annual_inc_log,21596.79909801483,8.85
purpose,15149.907868862152,6.21
acc_open_past_24mths,13734.669955730438,5.63
loan_to_income,13653.392403364182,5.6
inq_last_6mths,12755.151637077332,5.23
bc_util,9504.470956087112,3.9
revol_util,9093.716572761536,3.73
tot_cur_bal_log,7824.406085968018,3.21
dti,7697.010352134705,3.16
revol_bal_log,6939.275090456009,2.84
total_rev_hi_lim_log,6840.5642919540405,2.8
credit_history_years,6180.85214138031,2.53
loan_amnt,5999.102887392044,2.46
emp_length_years,5119.386829853058,2.1
months_since_last_delinq,5067.869900465012,2.08
total_acc,4864.122148036957,1.99
num_actv_rev_tl,4262.5222952365875,1.75
percent_bc_gt_75,3237.920064687729,1.33
mort_acc,2829.208683490753,1.16
open_acc,1806.8994226455688,0.74
pub_rec_bankruptcies,1181.3991436958313,0.48
home_ownership,952.2175908088684,0.39
verification_status,824.7665696144104,0.34
pub_rec,375.8048858642578,0.15
delinq_2yrs,232.6906008720398,0.1
emp_length_missing,226.7761516571045,0.09
never_delinquent,145.75173330307007,0.06
application_type,0.0,0.0
