feature,mean_abs_shap,share_pct,gain_share_pct
fico_avg,0.2574159824514082,14.04,14.29
acc_open_past_24mths,0.19983812033828638,10.9,5.63
annual_inc_log,0.16521185836785457,9.01,8.85
loan_to_income,0.1307000170490465,7.13,5.6
inq_last_6mths,0.11972943265872447,6.53,5.23
addr_state,0.10423851237135334,5.68,16.8
purpose,0.09459126528337373,5.16,6.21
dti,0.08135487772675715,4.44,3.16
revol_util,0.07640606629757693,4.17,3.73
tot_cur_bal_log,0.06171548801289141,3.37,3.21
total_rev_hi_lim_log,0.06043339754268956,3.3,2.8
num_actv_rev_tl,0.05943756510171742,3.24,1.75
total_acc,0.05690105088176497,3.1,1.99
bc_util,0.049036456157960526,2.67,3.9
loan_amnt,0.04232560025971718,2.31,2.46
percent_bc_gt_75,0.041990326239306666,2.29,1.33
months_since_last_delinq,0.03960610308669678,2.16,2.08
revol_bal_log,0.03830541136526784,2.09,2.84
home_ownership,0.03511574864105065,1.91,0.39
emp_length_years,0.03439107138529309,1.88,2.1
credit_history_years,0.02818170988969352,1.54,2.53
mort_acc,0.020723300201160203,1.13,1.16
open_acc,0.010240907682413493,0.56,0.74
verification_status,0.009536533379548559,0.52,0.34
pub_rec,0.005302807802066551,0.29,0.15
delinq_2yrs,0.004448994948210638,0.24,0.1
emp_length_missing,0.0026940215611699183,0.15,0.09
pub_rec_bankruptcies,0.0023066017234279357,0.13,0.48
never_delinquent,0.001843829884460775,0.1,0.06
application_type,0.0,0.0,0.0
